prefab,rootX,rootY,rootZ,rootPitch,rootYaw,rootRoll,muzzleX,muzzleY,muzzleZ,leftHandX,leftHandY,leftHandZ,meshMinX,meshMinY,meshMinZ,meshMaxX,meshMaxY,meshMaxZ,forwardDot
TP_Weapon_AssaultRifle_01,0.0087,0.1524,0.1093,291.6000,354.7000,178.0000,0.0002,-0.0241,0.4469,0.0002,-0.0241,0.1242,-0.0189,-0.1973,-0.4750,0.0354,0.0857,0.4469,1.000
TP_Weapon_AssaultRifle_02,0.0087,0.1524,0.1093,291.6000,354.7000,178.0000,-0.0003,-0.0404,0.4600,-0.0003,-0.0612,0.1772,-0.0299,-0.1801,-0.3849,0.0292,0.1019,0.4600,1.000
TP_Weapon_AssaultRifle_03,0.0087,0.1524,0.1093,291.6000,354.7000,178.0000,0.0001,-0.0307,0.4432,0.0002,-0.0633,0.1445,-0.0322,-0.1369,-0.3475,0.0208,0.1081,0.4432,1.000
TP_Weapon_Handgun_01,0.0130,0.0398,0.0455,283.1000,62.8000,123.1000,0.0000,-0.0211,0.1281,0.0000,-0.0211,0.0500,-0.0139,-0.0963,-0.0950,0.0139,0.0516,0.1281,1.000
TP_Weapon_Handgun_02,0.0097,0.0280,0.0366,283.1000,62.8000,123.1000,0.0001,-0.0195,0.1442,0.0001,-0.0195,0.0660,-0.0179,-0.0896,-0.0792,0.0180,0.0557,0.1442,1.000
TP_Weapon_Handgun_03,0.0115,0.0338,0.0422,283.1000,62.8000,123.1000,0.0000,-0.0216,0.1533,0.0001,-0.0195,0.0660,-0.0173,-0.0970,-0.0941,0.0174,0.0609,0.1533,1.000
TP_Weapon_Handgun_04,0.0123,0.0292,0.0576,283.1000,62.8000,123.1000,0.0000,-0.0372,0.1313,0.0001,-0.0195,0.0660,-0.0147,-0.1083,-0.0818,0.0147,0.0402,0.1313,1.000
TP_Weapon_SMG_01,0.0087,0.1524,0.1093,291.6000,354.7000,178.0000,0.0001,-0.0046,0.3001,0.0007,-0.0531,0.1928,-0.0369,-0.2114,-0.3689,0.0191,0.0963,0.3001,1.000
TP_Weapon_SMG_02,0.0087,0.1524,0.1093,291.6000,354.7000,178.0000,0.0001,-0.0307,0.2183,0.0001,-0.0307,0.0728,-0.0415,-0.1626,-0.1975,0.0228,0.0813,0.2183,1.000
TP_Weapon_SMG_03,0.0087,0.1524,0.1093,291.6000,354.7000,178.0000,0.0003,-0.0277,0.2946,0.0007,-0.0531,0.1928,-0.0205,-0.1719,-0.1878,0.0211,0.0768,0.2946,1.000
TP_Weapon_SMG_04,0.0087,0.1524,0.1093,291.6000,354.7000,178.0000,0.0000,-0.0074,0.2311,0.0007,-0.0531,0.1928,-0.0245,-0.1052,-0.2795,0.0245,0.0904,0.2311,1.000
TP_Weapon_SMG_05,0.0087,0.1524,0.1093,291.6000,354.7000,178.0000,0.0005,-0.0501,0.3217,0.0007,-0.0531,0.1928,-0.0280,-0.2145,-0.4344,0.0255,0.0906,0.3217,1.000
TP_Weapon_Shotgun_01,0.0087,0.1524,0.1093,291.6000,354.7000,178.0000,-0.0002,-0.0412,0.4877,0.0006,-0.0217,0.2542,-0.0205,-0.1347,-0.5486,0.0390,0.0631,0.4877,1.000
TP_Weapon_Sniper_01,0.0087,0.1524,0.1093,291.6000,354.7000,178.0000,-0.0004,-0.0383,0.8290,-0.0004,-0.0383,0.3655,-0.0984,-0.2010,-0.4952,0.0976,0.1491,0.8290,1.000
TP_Weapon_Sniper_02,0.0087,0.1524,0.1093,291.6000,354.7000,178.0000,0.0010,-0.0408,0.7354,0.0010,-0.0408,0.2736,-0.1022,-0.2376,-0.5840,0.1042,0.1570,0.7354,1.000
TP_Weapon_Sniper_03,0.0087,0.1524,0.1093,291.6000,354.7000,178.0000,0.0020,-0.0613,0.8363,-0.0004,-0.0383,0.3655,-0.0489,-0.1510,-0.4760,0.0464,0.1068,0.8363,1.000
