view,tipX,tipY,tipZ,previousErrorMm,remainingErrorMm
FP_Handgun02_View,0.000411,-0.000193,-0.022480,22.48,22.48
FP_Handgun03_View,0.000000,0.000000,-0.001000,1.00,1.00
FP_Handgun04_View,0.000400,-0.009462,-0.030299,31.74,31.74
FP_Rifle02_View,0.000411,-0.000938,-0.044066,10.12,10.12
FP_Rifle03_View,0.000442,-0.000947,-0.028957,28.98,28.98
FP_Rifle_View,0.000445,-0.006223,-0.043928,44.37,44.37
FP_ServicePistol_View,0.000411,-0.006792,-0.034540,35.20,35.20
FP_Shotgun01_View,0.000444,0.000351,-0.015866,15.88,15.88
FP_SMG01_View,0.000444,-0.001059,-0.031249,10.31,10.31
FP_SMG02_View,0.000444,-0.000414,-0.057995,10.01,10.01
FP_SMG03_View,0.000443,0.002401,-0.040866,10.16,10.16
FP_SMG04_View,-0.000246,-0.007929,-0.028951,11.96,11.96
FP_SMG05_View,0.000444,-0.001242,-0.033981,10.07,10.07
FP_Sniper01_View,-0.001056,-0.001172,-0.032574,32.61,32.61
FP_Sniper02_View,0.000445,0.000403,-0.069199,69.20,69.20
FP_Sniper03_View,0.000399,0.001807,-0.036649,36.70,36.70
TP_Weapon_AssaultRifle_01,-0.001526,0.044009,0.000000,44.03,44.03
TP_Weapon_AssaultRifle_02,0.000008,0.067258,0.000000,67.26,67.26
TP_Weapon_AssaultRifle_03,0.000000,0.049753,0.000000,49.75,49.75
TP_Weapon_Handgun_01,0.000000,0.049370,0.000000,49.37,49.37
TP_Weapon_Handgun_02,0.000000,0.061515,0.000000,61.52,61.52
TP_Weapon_Handgun_03,0.000000,0.061186,0.000000,61.19,61.19
TP_Weapon_Handgun_04,0.000000,0.053638,0.000000,53.64,53.64
TP_Weapon_Shotgun_01,0.000000,0.072812,0.000000,72.81,72.81
TP_Weapon_SMG_01,0.000000,0.026764,0.000000,26.76,26.76
TP_Weapon_SMG_02,0.000245,0.067923,0.000000,67.92,67.92
TP_Weapon_SMG_03,0.000000,0.047544,0.000000,47.54,47.54
TP_Weapon_SMG_04,0.000000,-0.004368,0.000000,4.37,4.37
TP_Weapon_SMG_05,0.000000,0.064066,0.000000,64.07,64.07
TP_Weapon_Sniper_01,0.000000,0.058835,0.000000,58.83,58.83
TP_Weapon_Sniper_02,0.000000,0.054858,0.000000,54.86,54.86
TP_Weapon_Sniper_03,-0.000404,0.056730,0.000000,56.73,56.73
