WeaponId,Stat.Damage,Stat.Rpm,Stat.MagSize,Stat.ReserveAmmo,Stat.ReloadTime,Stat.Spread,Stat.MaxRange,Stat.AdsFov,Stat.Recoil.PitchDeg,Stat.Recoil.YawDeg,Stat.Recoil.FirstShotMultiplier,Stat.Recoil.Accumulation,Stat.Recoil.MaxAccumulation,Stat.Recoil.RecoveryDelay,Stat.Recoil.RecoverySpeed,Stat.Recoil.SpringFrequency,Stat.Recoil.SpringDamping,Stat.Recoil.ShakePositionAmplitude,Stat.Recoil.ViewModelKickBack,Stat.Recoil.ViewModelKickPitch,Stat.Recoil.AdsRecoilMultiplier,Stat.Accuracy.BaseHipSpread,Stat.Accuracy.BaseAdsSpread,Stat.Accuracy.MovementSpreadMax,Stat.Accuracy.SprintSpreadExtra,Stat.Accuracy.AirborneSpreadExtra,Stat.Accuracy.ShotBloomPerShot,Stat.Accuracy.MaxBloom,Stat.Accuracy.BloomRecoveryDelay,Stat.Accuracy.BloomRecoverySpeed,Stat.Ballistic.PelletCount,Stat.Ballistic.PelletSpread,AdsGroundSpeedMultiplier,HitRegions.Head,HitRegions.Torso,HitRegions.Arm,HitRegions.Leg
pistol.day2,34,360,12,48,1.35,0.25,120,50,0.75,0.22,1,1,4,0.15,6.5,10,0.75,0.2,0.03,3,0.75,0.25,0.1,0.8,1,1.25,0.35,2,0.15,6,1,0,0.98,1.5,1,0.8,0.7
handgun.02,30,300,15,60,1.5,0.4,100,50,0.85,0.24,1,1,4,0.15,6.2,10,0.75,0.22,0.03,3.2,0.74,0.4,0.12,0.9,1.2,1.25,0.4,2.2,0.15,6,1,0,0.97,1.5,1,0.8,0.7
handgun.03,42,300,7,28,1.5,0.3,120,50,1.15,0.3,1.12,1.35,8,0.16,5.7,9,0.75,0.25,0.045,4,0.77,0.4,0.12,0.9,1.2,1.25,0.4,2.2,0.15,6,1,0,0.95,1.5,1,0.8,0.7
handgun.04,28,400,12,48,1.35,0.35,120,50,0.78,0.25,1.12,1.35,8,0.16,6.4,9,0.75,0.25,0.045,4,0.73,0.4,0.12,0.9,1.2,1.25,0.4,2.2,0.15,6,1,0,0.99,1.5,1,0.8,0.7
rifle.day3,26,600,30,120,2.2,2.2,150,45,1.25,0.55,1.3,1.45,8,0.18,3.3,8,0.75,0.35,0.06,5,0.8,2.2,0.55,1.5,1.8,2,0.5,3.2,0.18,3.5,1,0,0.75,1.5,1,0.8,0.7
rifle.02,24,640,30,120,2.1,1.2,140,45,0.85,0.28,1.15,1.1,8,0.18,4.5,10,0.75,0.25,0.04,3.2,0.73,1.2,0.35,1.5,1.8,1.5,0.28,2.2,0.18,6,1,0,0.83,1.5,1,0.8,0.7
rifle.03,28,520,25,100,2.3,0.8,150,45,1.05,0.36,1.25,1.15,8,0.18,3.8,9,0.75,0.32,0.05,4.2,0.77,0.8,0.25,1.5,1.8,1.6,0.2,2.5,0.18,5,1,0,0.8,1.5,1,0.8,0.7
smg.01,18,850,32,160,1.8,1.8,90,50,0.65,0.38,1.15,1.3,10,0.2,5.2,12,0.7,0.25,0.03,2.8,0.82,1.8,0.5,2,2.2,2,0.15,2.8,0.2,4.5,1,0,0.92,1.5,1,0.8,0.7
smg.02,20,780,30,150,1.9,1.6,95,50,0.73,0.42,1.15,1.3,10,0.2,4.9,12,0.7,0.25,0.028,2.6,0.83,1.6,0.45,2,2.2,2,0.15,2.8,0.2,4.5,1,0,0.89,1.5,1,0.8,0.7
smg.03,18,900,50,200,2.3,2.5,120,48,0.68,0.45,1.12,1.35,8,0.16,5.1,9,0.75,0.25,0.045,4,0.86,0.25,0.1,0.8,1,1.25,0.35,2,0.15,6,1,0,0.94,1.5,1,0.8,0.7
smg.04,19,850,30,120,2.2,2.2,120,48,0.67,0.36,1.12,1.35,8,0.16,5.3,9,0.75,0.25,0.045,4,0.8,0.25,0.1,0.8,1,1.25,0.35,2,0.15,6,1,0,0.9,1.5,1,0.8,0.7
smg.05,22,750,20,80,2,2,120,48,0.69,0.32,1.12,1.35,8,0.16,5.4,9,0.75,0.25,0.045,4,0.79,0.25,0.1,0.8,1,1.25,0.35,2,0.15,6,1,0,0.91,1.5,1,0.8,0.7
shotgun.01,60,90,6,36,2.8,3.5,40,55,2.3,0.55,1,1,1,0.3,2.8,7,0.8,0.7,0.08,7,0.85,3.5,1.5,2.5,3,3,0.8,2,0.25,3,9,3,0.84,1.5,1,0.8,0.7
sniper.01,75,45,5,25,3,0.05,300,20,1.75,0.2,1,1,1,0.35,2.6,7,0.8,0.8,0.09,8,0.9,0.05,0.02,3,4,4,0.6,1.5,0.3,2.5,1,0,0.96,1.5,1,0.8,0.7
sniper.02,90,35,5,25,3.2,0.03,350,15,3.4,0.28,1,1,1,0.35,1.8,7,0.8,0.8,0.1,8.5,0.95,0.03,0.01,3,4,4,0.6,1.5,0.3,2.5,1,0,0.58,1.5,1,0.8,0.7
sniper.03,70,45,5,25,2.8,0.1,250,40,1.85,0.32,1.2,1,2,0.25,3,9,0.75,0.25,0.075,7,0.88,2.2,0.55,1.5,1.8,2,0.5,3.2,0.18,3.5,1,0,0.78,1.5,1,0.8,0.7
